[
  {
    "id": "d2e701c7-2d34-4d2b-8493-eff5f0c2d4bf",
    "data": [
      {
        "text": "it is ",
        "userDefined": false
      },
      {
        "text": "street",
        "alias": "location",
        "meta": "@sys.location",
        "userDefined": true
      }
    ],
    "isTemplate": false,
    "count": 0
  },
  {
    "id": "0ef70b6b-5f27-4d8a-adca-ee1dc1be32e0",
    "data": [
      {
        "text": "the address is ",
        "userDefined": false
      },
      {
        "text": "street",
        "alias": "location",
        "meta": "@sys.location",
        "userDefined": true
      }
    ],
    "isTemplate": false,
    "count": 0
  },
  {
    "id": "3db47a14-1aa9-4020-857b-2e213ccf45d9",
    "data": [
      {
        "text": "street",
        "alias": "location",
        "meta": "@sys.location",
        "userDefined": true
      }
    ],
    "isTemplate": false,
    "count": 0
  },
  {
    "id": "3958e0ee-4d62-4992-95d0-1ead13652ba7",
    "data": [
      {
        "text": "my street address is ",
        "userDefined": false
      },
      {
        "text": "street",
        "alias": "location",
        "meta": "@sys.location",
        "userDefined": true
      }
    ],
    "isTemplate": false,
    "count": 0
  }
]