[
  {
    "id": "175e7227-5c84-4545-ab2d-ee261466e750",
    "data": [
      {
        "text": "utah",
        "meta": "@sys.ignore",
        "userDefined": false
      },
      {
        "text": " address",
        "userDefined": false
      }
    ],
    "isTemplate": false,
    "count": 0
  },
  {
    "id": "d656db5c-6a9a-485a-91ad-c2a1d766e92a",
    "data": [
      {
        "text": "new address",
        "userDefined": false
      }
    ],
    "isTemplate": false,
    "count": 0
  },
  {
    "id": "2c5aa127-bcb5-4ea4-8925-c33513f4118b",
    "data": [
      {
        "text": "different address",
        "userDefined": false
      }
    ],
    "isTemplate": false,
    "count": 0
  },
  {
    "id": "6ded5996-79b7-4ca7-8598-4cf10635eb84",
    "data": [
      {
        "text": "i want to use a different address",
        "userDefined": false
      }
    ],
    "isTemplate": false,
    "count": 0
  }
]