[
  {
    "id": "8544805a-9b49-40ff-b463-fa549d5b7614",
    "data": [
      {
        "text": "what is this",
        "userDefined": false
      }
    ],
    "isTemplate": false,
    "count": 0
  },
  {
    "id": "f3da9aca-cf05-4002-8154-481150be6344",
    "data": [
      {
        "text": "what can you do",
        "userDefined": false
      }
    ],
    "isTemplate": false,
    "count": 0
  },
  {
    "id": "23492ed1-6f9c-477e-a507-c5169f21c057",
    "data": [
      {
        "text": "what can I do",
        "userDefined": false
      }
    ],
    "isTemplate": false,
    "count": 0
  },
  {
    "id": "08781976-db37-4a6c-9271-36a6db28dbd7",
    "data": [
      {
        "text": "help me",
        "userDefined": false
      }
    ],
    "isTemplate": false,
    "count": 0
  },
  {
    "id": "c900fd64-6003-4cfa-b506-30ea86dfceb9",
    "data": [
      {
        "text": "i need help",
        "userDefined": false
      }
    ],
    "isTemplate": false,
    "count": 0
  },
  {
    "id": "459bcfc7-2a02-45f6-8745-391819ab3cad",
    "data": [
      {
        "text": "help",
        "userDefined": false
      }
    ],
    "isTemplate": false,
    "count": 0
  }
]