[
  {
    "id": "a06cdd7e-1630-409d-bea2-8cbe7ba73b91",
    "data": [
      {
        "text": "ok",
        "userDefined": false
      }
    ],
    "isTemplate": false,
    "count": 0
  },
  {
    "id": "fcbb3d39-3f39-4eb4-91a3-0bc8e0f2a820",
    "data": [
      {
        "text": "thank you",
        "userDefined": false
      }
    ],
    "isTemplate": false,
    "count": 0
  },
  {
    "id": "6def73b8-3dd6-4a26-8516-606097fce2e0",
    "data": [
      {
        "text": "shut up",
        "userDefined": false
      }
    ],
    "isTemplate": false,
    "count": 0
  },
  {
    "id": "2196fe97-5417-4604-896f-b5ac6d77c991",
    "data": [
      {
        "text": "enough",
        "userDefined": false
      }
    ],
    "isTemplate": false,
    "count": 0
  },
  {
    "id": "bb7a0b04-560c-4ed0-a523-cbcf9dcba847",
    "data": [
      {
        "text": "quit",
        "userDefined": false
      }
    ],
    "isTemplate": false,
    "count": 0
  },
  {
    "id": "3f09cad2-d172-49d4-afba-8c50d49c65d5",
    "data": [
      {
        "text": "stop",
        "userDefined": false
      }
    ],
    "isTemplate": false,
    "count": 0
  },
  {
    "id": "64675abf-d529-424a-bf37-d2fc5346dfff",
    "data": [
      {
        "text": "exit",
        "userDefined": false
      }
    ],
    "isTemplate": false,
    "count": 0
  },
  {
    "id": "5dba4c8a-4ac8-460a-924f-27c967d40d8f",
    "data": [
      {
        "text": "bye",
        "userDefined": false
      }
    ],
    "isTemplate": false,
    "count": 0
  },
  {
    "id": "c0905c9f-e7a1-4c83-ab60-6630934ac183",
    "data": [
      {
        "text": "thanks",
        "userDefined": false
      }
    ],
    "isTemplate": false,
    "count": 0
  }
]