[
  {
    "id": "b5b491c1-8039-4ae8-a9d0-c2cdf5db648c",
    "data": [
      {
        "text": "my ",
        "userDefined": false
      },
      {
        "text": "legislative",
        "alias": "Branch",
        "meta": "@Branch",
        "userDefined": false
      },
      {
        "text": " district",
        "userDefined": false
      }
    ],
    "isTemplate": false,
    "count": 0
  },
  {
    "id": "8ed08f71-646f-482d-b3b3-8a3c6e932d38",
    "data": [
      {
        "text": "my district",
        "userDefined": false
      }
    ],
    "isTemplate": false,
    "count": 0
  },
  {
    "id": "e896f368-23c7-4327-85fc-e93285ef9c18",
    "data": [
      {
        "text": "what district am I in",
        "userDefined": false
      }
    ],
    "isTemplate": false,
    "count": 0
  },
  {
    "id": "6168f7fd-d7c8-4395-a7be-da2c1a2637c9",
    "data": [
      {
        "text": "what are my state ",
        "userDefined": false
      },
      {
        "text": "legislative",
        "alias": "Branch",
        "meta": "@Branch",
        "userDefined": false
      },
      {
        "text": " district",
        "userDefined": false
      }
    ],
    "isTemplate": false,
    "count": 0
  },
  {
    "id": "b6fb18a1-cb85-45d2-adf4-79b5267e9478",
    "data": [
      {
        "text": "what is my ",
        "userDefined": false
      },
      {
        "text": "legislative",
        "alias": "Branch",
        "meta": "@Branch",
        "userDefined": false
      },
      {
        "text": " district",
        "userDefined": false
      }
    ],
    "isTemplate": false,
    "count": 0
  },
  {
    "id": "0ecb7667-6f59-496d-aa25-34b223b3ce8b",
    "data": [
      {
        "text": "what district is mine",
        "userDefined": false
      }
    ],
    "isTemplate": false,
    "count": 0
  },
  {
    "id": "45230e59-56f9-4056-8425-9ea709a6f542",
    "data": [
      {
        "text": "what is my district",
        "userDefined": false
      }
    ],
    "isTemplate": false,
    "count": 0
  }
]