[
  {
    "id": "86d29d86-9332-49d7-a59f-e5b5c9ccd842",
    "data": [
      {
        "text": "count of ",
        "userDefined": false
      },
      {
        "text": "utah",
        "alias": "geo-state",
        "meta": "@sys.geo-state",
        "userDefined": false
      },
      {
        "text": " legislators",
        "userDefined": false
      }
    ],
    "isTemplate": false,
    "count": 0
  },
  {
    "id": "3645245c-573a-4c1d-a309-f47175cdfec8",
    "data": [
      {
        "text": "what is the number of people in the ",
        "userDefined": false
      },
      {
        "text": "Utah",
        "alias": "geo-state",
        "meta": "@sys.geo-state",
        "userDefined": false
      },
      {
        "text": " ",
        "userDefined": false
      },
      {
        "text": "senate",
        "alias": "branch",
        "meta": "@Branch",
        "userDefined": false
      }
    ],
    "isTemplate": false,
    "count": 0
  },
  {
    "id": "0b653276-006f-4b06-bc4e-05807c21fb94",
    "data": [
      {
        "text": "how many people make up the ",
        "userDefined": false
      },
      {
        "text": "Utah",
        "alias": "geo-state",
        "meta": "@sys.geo-state",
        "userDefined": false
      },
      {
        "text": " legislature",
        "userDefined": false
      }
    ],
    "isTemplate": false,
    "count": 0
  },
  {
    "id": "e3b3c386-2b95-4093-a8fe-81ab1e12bd72",
    "data": [
      {
        "text": "how many people are in the Utah ",
        "userDefined": false
      },
      {
        "text": "House",
        "meta": "@sys.ignore",
        "userDefined": false
      },
      {
        "text": " of ",
        "userDefined": false
      },
      {
        "text": "Representatives",
        "meta": "@sys.ignore",
        "userDefined": false
      }
    ],
    "isTemplate": false,
    "count": 0
  },
  {
    "id": "446b0608-3d14-4b01-a4c0-e704fc5f083e",
    "data": [
      {
        "text": "how many ",
        "userDefined": false
      },
      {
        "text": "representatives",
        "alias": "branch",
        "meta": "@Branch",
        "userDefined": true
      },
      {
        "text": " are there for the State of Utah",
        "userDefined": false
      }
    ],
    "isTemplate": false,
    "count": 0
  },
  {
    "id": "294b7f32-975a-48cf-8d1d-3a639b7484fb",
    "data": [
      {
        "text": "how many ",
        "userDefined": false
      },
      {
        "text": "senators",
        "alias": "branch",
        "meta": "@Branch",
        "userDefined": true
      },
      {
        "text": " does Utah have",
        "userDefined": false
      }
    ],
    "isTemplate": false,
    "count": 0
  },
  {
    "id": "45ffbfdf-8400-4446-a6ca-93c129b5c237",
    "data": [
      {
        "text": "how many legislators does the State of ",
        "userDefined": false
      },
      {
        "text": "Utah",
        "alias": "geo-state",
        "meta": "@sys.geo-state",
        "userDefined": false
      },
      {
        "text": " have",
        "userDefined": false
      }
    ],
    "isTemplate": false,
    "count": 0
  },
  {
    "id": "907813dc-ace8-4d71-ade4-a6c3b9680e54",
    "data": [
      {
        "text": "how many legislators does ",
        "userDefined": false
      },
      {
        "text": "Utah",
        "alias": "geo-state",
        "meta": "@sys.geo-state",
        "userDefined": true
      },
      {
        "text": " have",
        "userDefined": false
      }
    ],
    "isTemplate": false,
    "count": 0
  }
]