[
  {
    "id": "556c2b77-f692-41ce-8de5-1b225d50475b",
    "data": [
      {
        "text": "representative",
        "alias": "Branch",
        "meta": "@Branch",
        "userDefined": false
      },
      {
        "text": " details",
        "userDefined": false
      }
    ],
    "isTemplate": false,
    "count": 0
  },
  {
    "id": "8ab9feb3-bdd9-40af-bd74-616213293c5c",
    "data": [
      {
        "text": "we want to know about our ",
        "userDefined": false
      },
      {
        "text": "senator",
        "alias": "Branch",
        "meta": "@Branch",
        "userDefined": true
      }
    ],
    "isTemplate": false,
    "count": 0
  },
  {
    "id": "d72442dd-bb5d-4ca9-be32-8b74f45e6f78",
    "data": [
      {
        "text": "our ",
        "userDefined": false
      },
      {
        "text": "representative",
        "alias": "Branch",
        "meta": "@Branch",
        "userDefined": true
      }
    ],
    "isTemplate": false,
    "count": 0
  },
  {
    "id": "7ed6cf97-941c-46cf-81e5-c8627cb78ffa",
    "data": [
      {
        "text": "my ",
        "userDefined": false
      },
      {
        "text": "senator",
        "alias": "Branch",
        "meta": "@Branch",
        "userDefined": true
      }
    ],
    "isTemplate": false,
    "count": 0
  },
  {
    "id": "c61780fe-4b12-4c5c-8afa-423039416478",
    "data": [
      {
        "text": "I want to know more about my ",
        "userDefined": false
      },
      {
        "text": "representative",
        "alias": "Branch",
        "meta": "@Branch",
        "userDefined": true
      }
    ],
    "isTemplate": false,
    "count": 0
  },
  {
    "id": "579502e5-02c7-4ccc-bd0f-d5d1fee3c652",
    "data": [
      {
        "text": "tell me more about my ",
        "userDefined": false
      },
      {
        "text": "senator",
        "alias": "Branch",
        "meta": "@Branch",
        "userDefined": true
      }
    ],
    "isTemplate": false,
    "count": 0
  }
]