[
  {
    "id": "d67831a2-774a-4a8e-9c6f-b914cb8e4302",
    "data": [
      {
        "text": "how many ",
        "userDefined": false
      },
      {
        "text": "republicans",
        "alias": "party",
        "meta": "@party",
        "userDefined": false
      }
    ],
    "isTemplate": false,
    "count": 0
  },
  {
    "id": "e6866331-76a1-4c2d-b26c-9f67d869714b",
    "data": [
      {
        "text": "party statistics",
        "userDefined": false
      }
    ],
    "isTemplate": false,
    "count": 0
  },
  {
    "id": "2e5945bf-d8e3-4739-8496-dd76c7fedaa6",
    "data": [
      {
        "text": "how many ",
        "userDefined": false
      },
      {
        "text": "independents",
        "alias": "party",
        "meta": "@party",
        "userDefined": false
      },
      {
        "text": " does Utah have",
        "userDefined": false
      }
    ],
    "isTemplate": false,
    "count": 0
  },
  {
    "id": "11bbe8e1-fe73-46dd-84c0-fcd1cc7852d2",
    "data": [
      {
        "text": "how many ",
        "userDefined": false
      },
      {
        "text": "republicans",
        "alias": "party",
        "meta": "@party",
        "userDefined": false
      },
      {
        "text": " are there",
        "userDefined": false
      }
    ],
    "isTemplate": false,
    "count": 0
  },
  {
    "id": "14880b59-e083-42dd-b4ab-20aec0ff781e",
    "data": [
      {
        "text": "how many ",
        "userDefined": false
      },
      {
        "text": "democrats",
        "alias": "party",
        "meta": "@party",
        "userDefined": true
      },
      {
        "text": " are in the ",
        "userDefined": false
      },
      {
        "text": "legislature",
        "alias": "Branch",
        "meta": "@Branch",
        "userDefined": true
      }
    ],
    "isTemplate": false,
    "count": 0
  }
]