[
  {
    "id": "51615f55-a864-4ec2-8c8b-e008c9b49dbe",
    "data": [
      {
        "text": "thank you",
        "userDefined": false
      }
    ],
    "isTemplate": false,
    "count": 0
  },
  {
    "id": "4ae48d11-4590-4a4a-a66c-807cc055d221",
    "data": [
      {
        "text": "stop",
        "userDefined": false
      }
    ],
    "isTemplate": false,
    "count": 0
  },
  {
    "id": "d9dc7498-ad37-415b-8b93-9c337ad6ff81",
    "data": [
      {
        "text": "quit",
        "userDefined": false
      }
    ],
    "isTemplate": false,
    "count": 0
  },
  {
    "id": "a2955095-a8fa-4619-bfa7-cd0cb4d34f97",
    "data": [
      {
        "text": "ok",
        "userDefined": false
      }
    ],
    "isTemplate": false,
    "count": 0
  },
  {
    "id": "e0855b8f-c2f8-4b67-8f8d-c9b227e784a3",
    "data": [
      {
        "text": "enough",
        "userDefined": false
      }
    ],
    "isTemplate": false,
    "count": 0
  },
  {
    "id": "66100da3-b432-425b-aabe-2047c715a691",
    "data": [
      {
        "text": "thanks",
        "userDefined": false
      }
    ],
    "isTemplate": false,
    "count": 0
  },
  {
    "id": "80dcdf3a-42a5-4a5a-a010-98f8a03184bb",
    "data": [
      {
        "text": "shut up",
        "userDefined": false
      }
    ],
    "isTemplate": false,
    "count": 0
  },
  {
    "id": "7bc55822-d4f5-48cb-afe5-c27a71446480",
    "data": [
      {
        "text": "exit",
        "userDefined": false
      }
    ],
    "isTemplate": false,
    "count": 0
  }
]