[
  {
    "id": "93d4a12b-ad1b-4cb0-a4b0-0fb0446ea574",
    "data": [
      {
        "text": "when was the ",
        "userDefined": false
      },
      {
        "text": "previous",
        "alias": "kindaordinal",
        "meta": "@kindaordinal",
        "userDefined": false
      },
      {
        "text": " session",
        "userDefined": false
      }
    ],
    "isTemplate": false,
    "count": 0
  },
  {
    "id": "9df65f30-a448-48bf-a3e2-0945c0b92f07",
    "data": [
      {
        "text": "when was the ",
        "userDefined": false
      },
      {
        "text": "last",
        "alias": "kindaordinal",
        "meta": "@kindaordinal",
        "userDefined": false
      },
      {
        "text": " session",
        "userDefined": false
      }
    ],
    "isTemplate": false,
    "count": 0
  },
  {
    "id": "c709d40e-bdf4-4c90-84ad-22958778fa79",
    "data": [
      {
        "text": "when is the ",
        "userDefined": false
      },
      {
        "text": "next",
        "alias": "kindaordinal",
        "meta": "@kindaordinal",
        "userDefined": true
      },
      {
        "text": " session",
        "userDefined": false
      }
    ],
    "isTemplate": false,
    "count": 0
  },
  {
    "id": "a2c4f480-79b5-4da7-9126-f652bdefa920",
    "data": [
      {
        "text": "when does the ",
        "userDefined": false
      },
      {
        "text": "Utah",
        "alias": "geo-state",
        "meta": "@sys.geo-state",
        "userDefined": false
      },
      {
        "text": " ",
        "userDefined": false
      },
      {
        "text": "legislative",
        "meta": "@sys.ignore",
        "userDefined": false
      },
      {
        "text": " session start",
        "userDefined": false
      }
    ],
    "isTemplate": false,
    "count": 0
  },
  {
    "id": "b25f72aa-f9f6-4d12-a6f7-f44043f52201",
    "data": [
      {
        "text": "how many days is the ",
        "userDefined": false
      },
      {
        "text": "legislative",
        "meta": "@sys.ignore",
        "userDefined": false
      },
      {
        "text": " session",
        "userDefined": false
      }
    ],
    "isTemplate": false,
    "count": 0
  },
  {
    "id": "72f3bb5b-733f-4d07-a19d-6b081fc77fcb",
    "data": [
      {
        "text": "what is the last day of the session",
        "userDefined": false
      }
    ],
    "isTemplate": false,
    "count": 0
  },
  {
    "id": "3fc58e61-cf3d-4fb7-b1e6-5f32285cf6d3",
    "data": [
      {
        "text": "what is  the ",
        "userDefined": false
      },
      {
        "text": "first",
        "meta": "@sys.ignore",
        "userDefined": false
      },
      {
        "text": " day of the session",
        "userDefined": false
      }
    ],
    "isTemplate": false,
    "count": 0
  },
  {
    "id": "abccc8f7-0ef4-4073-a89d-ace46690bac8",
    "data": [
      {
        "text": "when was the ",
        "userDefined": false
      },
      {
        "text": "1998",
        "alias": "year",
        "meta": "@sys.number",
        "userDefined": false
      },
      {
        "text": " session",
        "userDefined": false
      }
    ],
    "isTemplate": false,
    "count": 0
  },
  {
    "id": "8d068f2f-1753-43bd-81c4-5cdbe70b6dc9",
    "data": [
      {
        "text": "when is the ",
        "userDefined": false
      },
      {
        "text": "2021",
        "alias": "year",
        "meta": "@sys.number",
        "userDefined": false
      },
      {
        "text": " session",
        "userDefined": false
      }
    ],
    "isTemplate": false,
    "count": 0
  },
  {
    "id": "5f0bd650-021a-4298-89d7-6a750a0fe41e",
    "data": [
      {
        "text": "what date is the next session",
        "userDefined": false
      }
    ],
    "isTemplate": false,
    "count": 0
  },
  {
    "id": "a94a95ee-5b0d-4365-b5f9-112efe1ee75e",
    "data": [
      {
        "text": "when is Utah\u0027s ",
        "userDefined": false
      },
      {
        "text": "legislative",
        "meta": "@sys.ignore",
        "userDefined": false
      },
      {
        "text": " session",
        "userDefined": false
      }
    ],
    "isTemplate": false,
    "count": 0
  },
  {
    "id": "8210de9b-07b0-4183-963b-6fd530010b75",
    "data": [
      {
        "text": "when will the ",
        "userDefined": false
      },
      {
        "text": "2020",
        "alias": "year",
        "meta": "@sys.number",
        "userDefined": false
      },
      {
        "text": " session be held",
        "userDefined": false
      }
    ],
    "isTemplate": false,
    "count": 0
  }
]