[
  {
    "id": "8f5fb41a-d51c-46ae-8a88-1b4c6da9c8f3",
    "data": [
      {
        "text": "who is our ",
        "userDefined": false
      },
      {
        "text": "representative",
        "alias": "Branch",
        "meta": "@Branch",
        "userDefined": true
      }
    ],
    "isTemplate": false,
    "count": 0
  },
  {
    "id": "572ae45d-7f96-430c-b7cf-b2ce1cbd4427",
    "data": [
      {
        "text": "who are my ",
        "userDefined": false
      },
      {
        "text": "officials",
        "alias": "Branch",
        "meta": "@Branch",
        "userDefined": true
      }
    ],
    "isTemplate": false,
    "count": 0
  },
  {
    "id": "02752867-5a2b-4458-bfba-aad0ca97c5e2",
    "data": [
      {
        "text": "who are my elected ",
        "userDefined": false
      },
      {
        "text": "officials",
        "alias": "Branch",
        "meta": "@Branch",
        "userDefined": true
      }
    ],
    "isTemplate": false,
    "count": 0
  },
  {
    "id": "9eecff67-c85e-4a1b-8428-088921582e89",
    "data": [
      {
        "text": "who are my state ",
        "userDefined": false
      },
      {
        "text": "legislators",
        "alias": "Branch",
        "meta": "@Branch",
        "userDefined": true
      }
    ],
    "isTemplate": false,
    "count": 0
  },
  {
    "id": "8b187b2d-0ebb-48ad-9e43-34b81691baaf",
    "data": [
      {
        "text": "who is my state ",
        "userDefined": false
      },
      {
        "text": "legislator",
        "alias": "Branch",
        "meta": "@Branch",
        "userDefined": true
      }
    ],
    "isTemplate": false,
    "count": 0
  },
  {
    "id": "c5a416df-4773-4ef2-ab6c-a2a6b00309aa",
    "data": [
      {
        "text": "who represents us",
        "userDefined": false
      }
    ],
    "isTemplate": false,
    "count": 0
  },
  {
    "id": "cc1e7198-18c0-4662-9ea9-8a4ea66b0d05",
    "data": [
      {
        "text": "who represents my family",
        "userDefined": false
      }
    ],
    "isTemplate": false,
    "count": 0
  },
  {
    "id": "2c663092-1adf-4698-b0b1-96332a723f7a",
    "data": [
      {
        "text": "who represents me",
        "userDefined": false
      }
    ],
    "isTemplate": false,
    "count": 0
  }
]